{"Lat":10.60237463,"Lon":76.11257047,"Class":-1}
{"Lat":10.60237463,"Lon":76.11257047,"Class":-1}
{"Lat":10.60250097,"Lon":76.11123301,"Class":-1}
{"Lat":10.60250097,"Lon":76.11123301,"Class":-1}
{"Lat":10.60250097,"Lon":76.11123301,"Class":-1}
{"Lat":10.60250097,"Lon":76.11123301,"Class":-1}
{"Lat":10.60250097,"Lon":76.11123301,"Class":-1}
{"Lat":10.60250097,"Lon":76.11123301,"Class":-1}
{"Lat":10.60250097,"Lon":76.11123301,"Class":-1}
{"Lat":10.60245832,"Lon":76.11071413,"Class":-1}
{"Lat":10.60245832,"Lon":76.11071413,"Class":-1}
{"Lat":10.60245832,"Lon":76.11071413,"Class":-1}
{"Lat":10.60245832,"Lon":76.11071413,"Class":-1}
{"Lat":10.60245832,"Lon":76.11071413,"Class":-1}
{"Lat":10.60245832,"Lon":76.11071413,"Class":-1}
{"Lat":10.60245832,"Lon":76.11071413,"Class":-1}
{"Lat":10.60245832,"Lon":76.11071413,"Class":-1}
{"Lat":10.60245832,"Lon":76.11071413,"Class":-1}
{"Lat":10.60245832,"Lon":76.11071413,"Class":-1}
{"Lat":10.60245832,"Lon":76.11071413,"Class":-1}
{"Lat":10.60245832,"Lon":76.11071413,"Class":-1}
{"Lat":10.60245832,"Lon":76.11071413,"Class":-1}
{"Lat":10.60245832,"Lon":76.11071413,"Class":-1}
{"Lat":10.60245832,"Lon":76.11071413,"Class":-1}
{"Lat":10.60245832,"Lon":76.11071413,"Class":-1}
{"Lat":10.60245832,"Lon":76.11071413,"Class":-1}
{"Lat":10.60245832,"Lon":76.11071413,"Class":-1}
{"Lat":10.60245832,"Lon":76.11071413,"Class":-1}
{"Lat":10.60245832,"Lon":76.11071413,"Class":-1}
{"Lat":10.60246092,"Lon":76.10993543,"Class":-1}
{"Lat":10.60246092,"Lon":76.10993543,"Class":-1}
{"Lat":10.60268045,"Lon":76.10918631,"Class":-1}
{"Lat":10.60268045,"Lon":76.10918631,"Class":-1}
{"Lat":10.60268045,"Lon":76.10918631,"Class":-1}
{"Lat":10.60268045,"Lon":76.10918631,"Class":-1}
{"Lat":10.60268045,"Lon":76.10918631,"Class":-1}
{"Lat":10.60268045,"Lon":76.10918631,"Class":-1}
{"Lat":10.60268045,"Lon":76.10918631,"Class":-1}
{"Lat":10.60268045,"Lon":76.10918631,"Class":-1}
{"Lat":10.60268045,"Lon":76.10918631,"Class":-1}
{"Lat":10.60268045,"Lon":76.10918631,"Class":-1}
{"Lat":10.60268045,"Lon":76.10918631,"Class":-1}
{"Lat":10.60268045,"Lon":76.10918631,"Class":-1}
{"Lat":10.60268045,"Lon":76.10918631,"Class":-1}
{"Lat":10.60268045,"Lon":76.10918631,"Class":-1}
{"Lat":10.60268045,"Lon":76.10918631,"Class":-1}
{"Lat":10.60268045,"Lon":76.10918631,"Class":-1}
{"Lat":10.60268045,"Lon":76.10918631,"Class":-1}
{"Lat":10.60292444,"Lon":76.10877299,"Class":-1}
{"Lat":10.60302848,"Lon":76.10836829,"Class":-1}
{"Lat":10.6031631,"Lon":76.10785304,"Class":-1}
{"Lat":10.6031631,"Lon":76.10785304,"Class":-1}
{"Lat":10.6031631,"Lon":76.10785304,"Class":-1}
{"Lat":10.6031631,"Lon":76.10785304,"Class":-1}
{"Lat":10.6031631,"Lon":76.10785304,"Class":-1}
{"Lat":10.6031631,"Lon":76.10785304,"Class":-1}
{"Lat":10.60366211,"Lon":76.10758872,"Class":-1}
{"Lat":10.60473127,"Lon":76.10662869,"Class":-1}
{"Lat":10.60294917,"Lon":76.10663803,"Class":-1}
{"Lat":10.60294917,"Lon":76.10663803,"Class":-1}
{"Lat":10.60207977,"Lon":76.10656783,"Class":-1}
{"Lat":10.60186142,"Lon":76.10654582,"Class":-1}
{"Lat":10.60186142,"Lon":76.10654582,"Class":-1}
{"Lat":10.60186142,"Lon":76.10654582,"Class":-1}
{"Lat":10.60186142,"Lon":76.10654582,"Class":-1}
{"Lat":10.60186142,"Lon":76.10654582,"Class":-1}
{"Lat":10.60186142,"Lon":76.10654582,"Class":-1}
{"Lat":10.60166273,"Lon":76.10651354,"Class":-1}
{"Lat":10.60166273,"Lon":76.10651354,"Class":-1}
{"Lat":10.60166273,"Lon":76.10651354,"Class":-1}
{"Lat":10.60166273,"Lon":76.10651354,"Class":-1}
{"Lat":10.60166273,"Lon":76.10651354,"Class":-1}
{"Lat":10.60166273,"Lon":76.10651354,"Class":-1}
{"Lat":10.60166273,"Lon":76.10651354,"Class":-1}
{"Lat":10.60041008,"Lon":76.10652102,"Class":-1}
{"Lat":10.60041008,"Lon":76.10652102,"Class":-1}
{"Lat":10.59980774,"Lon":76.10645096,"Class":-1}
{"Lat":10.59980774,"Lon":76.10645096,"Class":-1}
{"Lat":10.59980774,"Lon":76.10645096,"Class":-1}
{"Lat":10.59980774,"Lon":76.10645096,"Class":-1}
{"Lat":10.59871634,"Lon":76.1057462,"Class":-1}
{"Lat":10.59871634,"Lon":76.1057462,"Class":-1}
{"Lat":10.59871634,"Lon":76.1057462,"Class":-1}
{"Lat":10.59871634,"Lon":76.1057462,"Class":-1}
{"Lat":10.59857017,"Lon":76.10550927,"Class":-1}