{"Lat":10.60214027,"Lon":76.13445451,"Class":-1}
{"Lat":10.60049944,"Lon":76.1345304,"Class":-1}
{"Lat":10.59632477,"Lon":76.13562933,"Class":-1}
{"Lat":10.59632477,"Lon":76.13562933,"Class":-1}
{"Lat":10.59574587,"Lon":76.13571158,"Class":-1}
{"Lat":10.59574587,"Lon":76.13571158,"Class":-1}
{"Lat":10.58678116,"Lon":76.13541566,"Class":-1}
{"Lat":10.58510503,"Lon":76.13501361,"Class":-1}